# BASE_SERIES	pair_warp_6mo
# eval_month	ckpt_dir	head_init_dir	n_rows_pool	head_init_digest
2008-08	/data/lab/market-jepa-checkpoints/lejepa-6mo-warp-206b47-2008-02-01-2008-07-31/j7eji0nv	/data/lab/market-jepa-checkpoints/_scratch/ridge_head_init/pair_warp_6mo/2008-08	2836124	aa9181574a8a2079
2008-09	/data/lab/market-jepa-checkpoints/lejepa-6mo-warp-206b47-2008-03-01-2008-08-31/38vsn9a7	/data/lab/market-jepa-checkpoints/_scratch/ridge_head_init/pair_warp_6mo/2008-09	2854951	6063451b286321ba
2008-10	/data/lab/market-jepa-checkpoints/lejepa-6mo-warp-206b47-2008-04-01-2008-09-30/tyf3ash2	/data/lab/market-jepa-checkpoints/_scratch/ridge_head_init/pair_warp_6mo/2008-10	2815249	80e24138319bab91
2009-12	/data/lab/market-jepa-checkpoints/lejepa-6mo-warp-206b47-2009-06-01-2009-11-30/fswissl8	/data/lab/market-jepa-checkpoints/_scratch/ridge_head_init/pair_warp_6mo/2009-12	2707074	e045d6ccf81dd67d
2010-01	/data/lab/market-jepa-checkpoints/lejepa-6mo-warp-206b47-2009-07-01-2009-12-31/ej45ybyo	/data/lab/market-jepa-checkpoints/_scratch/ridge_head_init/pair_warp_6mo/2010-01	2486303	e0690b14ea7be370
2010-04	/data/lab/market-jepa-checkpoints/lejepa-6mo-warp-206b47-2009-10-01-2010-03-31/hbh9nm1o	/data/lab/market-jepa-checkpoints/_scratch/ridge_head_init/pair_warp_6mo/2010-04	2152432	b5305bbef86eb90e
2010-06	/data/lab/market-jepa-checkpoints/lejepa-6mo-warp-206b47-2009-12-01-2010-05-31/37rx3wqs	/data/lab/market-jepa-checkpoints/_scratch/ridge_head_init/pair_warp_6mo/2010-06	2149725	42034e6be69f470a
2011-01	/data/lab/market-jepa-checkpoints/lejepa-6mo-warp-206b47-2010-07-01-2010-12-31/adk73lly	/data/lab/market-jepa-checkpoints/_scratch/ridge_head_init/pair_warp_6mo/2011-01	2353201	b2cd8ac1cd58d06e
2011-06	/data/lab/market-jepa-checkpoints/lejepa-6mo-warp-206b47-2010-12-01-2011-05-31/26epz8s4	/data/lab/market-jepa-checkpoints/_scratch/ridge_head_init/pair_warp_6mo/2011-06	2195841	3528c002ddea4ed2
2012-04	/data/lab/market-jepa-checkpoints/lejepa-6mo-warp-206b47-2011-10-01-2012-03-31/rcsglxee	/data/lab/market-jepa-checkpoints/_scratch/ridge_head_init/pair_warp_6mo/2012-04	2516044	a9db53a7aafced79
2012-09	/data/lab/market-jepa-checkpoints/lejepa-6mo-warp-206b47-2012-03-01-2012-08-31/8ai23mvp	/data/lab/market-jepa-checkpoints/_scratch/ridge_head_init/pair_warp_6mo/2012-09	2582184	e59fd6418e9eb97b
2012-10	/data/lab/market-jepa-checkpoints/lejepa-6mo-warp-206b47-2012-04-01-2012-09-30/50m6lqyx	/data/lab/market-jepa-checkpoints/_scratch/ridge_head_init/pair_warp_6mo/2012-10	2424861	c95d20733ff56cf8
2012-11	/data/lab/market-jepa-checkpoints/lejepa-6mo-warp-206b47-2012-05-01-2012-10-31/zepqygoq	/data/lab/market-jepa-checkpoints/_scratch/ridge_head_init/pair_warp_6mo/2012-11	2437845	792de8ee4f98ffe5
2013-01	/data/lab/market-jepa-checkpoints/lejepa-6mo-warp-206b47-2012-07-01-2012-12-31/cybprcd3	/data/lab/market-jepa-checkpoints/_scratch/ridge_head_init/pair_warp_6mo/2013-01	2035181	e3706b356fc7e4aa
2013-04	/data/lab/market-jepa-checkpoints/lejepa-6mo-warp-206b47-2012-10-01-2013-03-31/d1kd9qt2	/data/lab/market-jepa-checkpoints/_scratch/ridge_head_init/pair_warp_6mo/2013-04	1814567	259c2ef7ee6affaa
2013-12	/data/lab/market-jepa-checkpoints/lejepa-6mo-warp-206b47-2013-06-01-2013-11-30/a0mrul72	/data/lab/market-jepa-checkpoints/_scratch/ridge_head_init/pair_warp_6mo/2013-12	2162261	2842e90eb9577861
2014-01	/data/lab/market-jepa-checkpoints/lejepa-6mo-warp-206b47-2013-07-01-2013-12-31/li8xl3ti	/data/lab/market-jepa-checkpoints/_scratch/ridge_head_init/pair_warp_6mo/2014-01	1962421	f85e9a7740088be8
2017-01	/data/lab/market-jepa-checkpoints/lejepa-6mo-warp-206b47-2016-07-01-2016-12-31/ezcvyaj8	/data/lab/market-jepa-checkpoints/_scratch/ridge_head_init/pair_warp_6mo/2017-01	2431728	22522292635b0a3f
2017-02	/data/lab/market-jepa-checkpoints/lejepa-6mo-warp-206b47-2016-08-01-2017-01-31/15gb4fw4	/data/lab/market-jepa-checkpoints/_scratch/ridge_head_init/pair_warp_6mo/2017-02	2220127	3ad8bc160e8f7e2e
2017-08	/data/lab/market-jepa-checkpoints/lejepa-6mo-warp-206b47-2017-02-01-2017-07-31/a3w3kznh	/data/lab/market-jepa-checkpoints/_scratch/ridge_head_init/pair_warp_6mo/2017-08	2263572	1d97d7840411eac2
2018-11	/data/lab/market-jepa-checkpoints/lejepa-6mo-warp-206b47-2018-05-01-2018-10-31/spwmqpyi	/data/lab/market-jepa-checkpoints/_scratch/ridge_head_init/pair_warp_6mo/2018-11	2384024	9bf60718ed0ca028
2019-09	/data/lab/market-jepa-checkpoints/lejepa-6mo-warp-206b47-2019-03-01-2019-08-31/5lq64qly	/data/lab/market-jepa-checkpoints/_scratch/ridge_head_init/pair_warp_6mo/2019-09	2658628	c87914d76c77b102
2020-01	/data/lab/market-jepa-checkpoints/lejepa-6mo-warp-206b47-2019-07-01-2019-12-31/gelf400n	/data/lab/market-jepa-checkpoints/_scratch/ridge_head_init/pair_warp_6mo/2020-01	2300867	5dba0cba296c4bce
2020-08	/data/lab/market-jepa-checkpoints/lejepa-6mo-warp-206b47-2020-02-01-2020-07-31/ur209x6w	/data/lab/market-jepa-checkpoints/_scratch/ridge_head_init/pair_warp_6mo/2020-08	3466183	d517274c315d655b
2020-09	/data/lab/market-jepa-checkpoints/lejepa-6mo-warp-206b47-2020-03-01-2020-08-31/8k1sysa8	/data/lab/market-jepa-checkpoints/_scratch/ridge_head_init/pair_warp_6mo/2020-09	3548091	33b457b6f7576b2d
2020-12	/data/lab/market-jepa-checkpoints/lejepa-6mo-warp-206b47-2020-06-01-2020-11-30/ze8u2e58	/data/lab/market-jepa-checkpoints/_scratch/ridge_head_init/pair_warp_6mo/2020-12	3285434	a8ac14d69a00fb7d
2021-09	/data/lab/market-jepa-checkpoints/lejepa-6mo-warp-206b47-2021-03-01-2021-08-31/93hkqfoe	/data/lab/market-jepa-checkpoints/_scratch/ridge_head_init/pair_warp_6mo/2021-09	4096225	5b2969e044d44652
2021-12	/data/lab/market-jepa-checkpoints/lejepa-6mo-warp-206b47-2021-06-01-2021-11-30/s3phb9ex	/data/lab/market-jepa-checkpoints/_scratch/ridge_head_init/pair_warp_6mo/2021-12	3860663	557a4b18ad54b5f3
2022-07	/data/lab/market-jepa-checkpoints/lejepa-6mo-warp-206b47-2022-01-01-2022-06-30/wjwj0pco	/data/lab/market-jepa-checkpoints/_scratch/ridge_head_init/pair_warp_6mo/2022-07	4034893	966b6eb318e1690c
2023-04	/data/lab/market-jepa-checkpoints/lejepa-6mo-warp-206b47-2022-10-01-2023-03-31/txqfqlp3	/data/lab/market-jepa-checkpoints/_scratch/ridge_head_init/pair_warp_6mo/2023-04	3237899	bc0621d98d54e328
2023-11	/data/lab/market-jepa-checkpoints/lejepa-6mo-warp-206b47-2023-05-01-2023-10-31/dj5tx19p	/data/lab/market-jepa-checkpoints/_scratch/ridge_head_init/pair_warp_6mo/2023-11	3555969	d7b0b405026509b7
