date,status,start_time,end_time,holiday_name
1996-01-01,closed,,,New Year's Day
1996-01-12,short day,09:30,14:00,Martin Luther King Day
1996-01-15,closed,,,Martin Luther King Day
1996-02-16,short day,09:30,14:00,President's Day
1996-02-19,closed,,,President's Day
1996-04-05,closed,,,Good Friday
1996-05-24,short day,09:30,14:00,Memorial Day
1996-05-27,closed,,,Memorial Day
1996-07-03,short day,09:30,14:00,Independence Day
1996-07-04,closed,,,Independence Day
1996-07-05,short day,09:30,14:00,Independence Day
1996-08-30,short day,09:30,14:00,Labor Day
1996-09-02,closed,,,Labor Day
1996-10-11,short day,09:30,14:00,Columbus Day
1996-10-14,closed,,,Columbus Day
1996-11-08,short day,09:30,14:00,Veterans Day
1996-11-11,closed,,,Veterans Day
1996-11-27,short day,09:30,14:00,Thanksgiving
1996-11-28,closed,,,Thanksgiving
1996-11-29,short day,09:30,14:00,Thanksgiving
1996-12-24,short day,09:30,14:00,Christmas
1996-12-25,closed,,,Christmas
1996-12-31,short day,09:30,14:00,New Year's Day 1997
1997-01-01,closed,,,New Year's Day
1997-01-17,short day,09:30,14:00,Martin Luther King Day
1997-01-20,closed,,,Martin Luther King Day
1997-02-14,short day,09:30,14:00,President's Day
1997-02-17,closed,,,President's Day
1997-03-27,short day,09:30,14:00,Good Friday
1997-03-28,closed,,,Good Friday
1997-05-23,short day,09:30,14:00,Memorial Day
1997-05-26,closed,,,Memorial Day
1997-07-03,short day,09:30,14:00,Independence Day
1997-07-04,closed,,,Independence Day
1997-08-29,short day,09:30,14:00,Labor Day
1997-09-01,closed,,,Labor Day
1997-10-10,short day,09:30,14:00,Columbus Day
1997-10-13,closed,,,Columbus Day
1997-11-11,closed,,,Veterans Day
1997-11-26,short day,09:30,14:00,Thanksgiving
1997-11-27,closed,,,Thanksgiving
1997-11-28,short day,09:30,14:00,Thanksgiving
1997-12-24,short day,09:30,14:00,Christmas
1997-12-25,closed,,,Christmas
1997-12-26,short day,09:30,14:00,Christmas
1997-12-31,short day,09:30,14:00,New Year's Day 1998
1998-01-01,closed,,,New Year's Day
1998-01-16,short day,09:30,14:00,Martin Luther King Day
1998-01-19,closed,,,Martin Luther King Day
1998-02-13,short day,09:30,14:00,President's Day
1998-02-16,closed,,,President's Day
1998-04-09,short day,09:30,14:00,Good Friday
1998-04-10,closed,,,Good Friday
1998-05-22,short day,09:30,14:00,Memorial Day
1998-05-25,closed,,,Memorial Day
1998-07-02,short day,09:30,14:00,Independence Day
1998-07-03,closed,,,Independence Day
1998-09-04,short day,09:30,14:00,Labor Day
1998-09-07,closed,,,Labor Day
1998-10-09,short day,09:30,14:00,Columbus Day
1998-10-12,closed,,,Columbus Day
1998-11-11,closed,,,Veterans Day
1998-11-25,short day,09:30,14:00,Thanksgiving
1998-11-26,closed,,,Thanksgiving
1998-11-27,short day,09:30,14:00,Thanksgiving
1998-12-24,short day,09:30,14:00,Christmas
1998-12-25,closed,,,Christmas
1998-12-31,short day,09:30,14:00,New Year's Day 1999
1999-01-01,closed,,,New Year's Day
1999-01-15,short day,09:30,14:00,Martin Luther King Day
1999-01-18,closed,,,Martin Luther King Day
1999-02-12,short day,09:30,14:00,President's Day
1999-02-15,closed,,,President's Day
1999-04-01,short day,09:30,14:00,Good Friday
1999-04-02,short day,09:30,12:00,Good Friday
1999-05-28,short day,09:30,14:00,Memorial Day
1999-05-31,closed,,,Memorial Day
1999-07-02,short day,09:30,14:00,Independence Day
1999-07-05,closed,,,Independence Day
1999-09-03,short day,09:30,14:00,Labor Day
1999-09-06,closed,,,Labor Day
1999-10-08,short day,09:30,14:00,Columbus Day
1999-10-11,closed,,,Columbus Day
1999-11-11,closed,,,Veterans Day
1999-11-24,short day,09:30,14:00,Thanksgiving
1999-11-25,closed,,,Thanksgiving
1999-11-26,short day,09:30,14:00,Thanksgiving
1999-12-23,short day,09:30,14:00,Christmas
1999-12-24,closed,,,Christmas
1999-12-31,short day,09:30,14:00,New Year's Day 2000
2000-01-14,short day,09:30,14:00,Martin Luther King Day
2000-01-17,closed,,,Martin Luther King Day
2000-02-18,short day,09:30,14:00,President's Day
2000-02-21,closed,,,President's Day
2000-04-20,short day,09:30,14:00,Good Friday
2000-04-21,closed,,,Good Friday
2000-05-26,short day,09:30,14:00,Memorial Day
2000-05-29,closed,,,Memorial Day
2000-07-03,short day,09:30,14:00,Independence Day
2000-07-04,closed,,,Independence Day
2000-09-01,short day,09:30,14:00,Labor Day
2000-09-04,closed,,,Labor Day
2000-10-06,short day,09:30,14:00,Columbus Day
2000-10-09,closed,,,Columbus Day
2000-11-22,short day,09:30,14:00,Thanksgiving
2000-11-23,closed,,,Thanksgiving
2000-11-24,short day,09:30,14:00,Thanksgiving
2000-12-22,short day,09:30,14:00,Christmas
2000-12-25,closed,,,Christmas
2000-12-29,short day,09:30,14:00,New Year's Day 2001
2001-01-01,closed,,,New Year's Day
2001-01-15,closed,,,Martin Luther King's Birthday
2001-02-19,closed,,,Washington's Birthday
2001-04-13,closed,,,Good Friday
2001-05-28,closed,,,Memorial Day
2001-07-03,short day,09:30,13:00,Independence Day
2001-07-04,closed,,,Independence Day
2001-09-03,closed,,,Labor Day
2001-09-11,closed,,,Special Holiday
2001-09-12,closed,,,Special Holiday
2001-09-13,closed,,,Special Holiday
2001-09-14,closed,,,Special Holiday
2001-11-22,closed,,,Thanksgiving Day
2001-11-23,short day,09:30,13:00,Black Friday
2001-12-24,short day,09:30,13:00,Christmas Eve
2001-12-25,closed,,,Christmas Day
2002-01-01,closed,,,New Year's Day
2002-01-21,closed,,,Martin Luther King's Birthday
2002-02-18,closed,,,Washington's Birthday
2002-03-29,closed,,,Good Friday
2002-05-27,closed,,,Memorial Day
2002-07-04,closed,,,Independence Day
2002-07-05,short day,09:30,13:00,Independence Day
2002-09-02,closed,,,Labor Day
2002-09-11,short day,11:00,16:00,September 11 Anniversary
2002-11-28,closed,,,Thanksgiving Day
2002-11-29,short day,09:30,13:00,Black Friday
2002-12-24,short day,09:30,13:00,Christmas Eve
2002-12-25,closed,,,Christmas Day
2003-01-01,closed,,,New Year's Day
2003-01-20,closed,,,Martin Luther King's Birthday
2003-02-17,closed,,,Washington's Birthday
2003-04-18,closed,,,Good Friday
2003-05-26,closed,,,Memorial Day
2003-07-03,short day,09:30,13:00,Independence Day
2003-07-04,closed,,,Independence Day
2003-09-01,closed,,,Labor Day
2003-11-27,closed,,,Thanksgiving Day
2003-11-28,short day,09:30,13:00,Black Friday
2003-12-24,short day,09:30,13:00,Christmas Eve
2003-12-25,closed,,,Christmas Day
2003-12-26,short day,09:30,13:00,Christmas Hangover
2004-01-01,closed,,,New Year's Day
2004-01-19,closed,,,Martin Luther King's Birthday
2004-02-16,closed,,,Washington's Birthday
2004-04-09,closed,,,Good Friday
2004-05-31,closed,,,Memorial Day
2004-06-11,closed,,,Exchange Holiday
2004-07-05,closed,,,Independence Day Observed
2004-09-06,closed,,,Labor Day
2004-11-25,closed,,,Thanksgiving Day
2004-11-26,short day,09:30,13:00,Black Friday
2004-12-24,closed,,,Christmas Day Observed
2005-01-17,closed,,,Martin Luther King's Birthday
2005-02-21,closed,,,Washington's Birthday
2005-03-25,closed,,,Good Friday
2005-05-30,closed,,,Memorial Day
2005-07-04,closed,,,Independence Day
2005-09-05,closed,,,Labor Day
2005-11-24,closed,,,Thanksgiving Day
2005-11-25,short day,09:30,13:00,Black Friday
2005-12-26,closed,,,Christmas Day Observed
2006-01-02,closed,,,New Year's Day Observed
2006-01-16,closed,,,Martin Luther King's Birthday
2006-02-20,closed,,,Washington's Birthday
2006-04-14,closed,,,Good Friday
2006-05-29,closed,,,Memorial Day
2006-07-03,short day,09:30,13:00,Independence Day
2006-07-04,closed,,,Independence Day
2006-09-04,closed,,,Labor Day
2006-11-23,closed,,,Thanksgiving Day
2006-11-24,short day,09:30,13:00,Black Friday
2006-12-25,closed,,,Christmas Day
2007-01-01,closed,,,New Year's Day
2007-01-02,closed,,,Exchange Holiday
2007-01-15,closed,,,Martin Luther King's Birthday
2007-02-19,closed,,,Washington's Birthday
2007-04-06,closed,,,Good Friday
2007-05-28,closed,,,Memorial Day
2007-07-03,short day,09:30,13:00,Independence Day
2007-07-04,closed,,,Independence Day
2007-09-03,closed,,,Labor Day
2007-11-22,closed,,,Thanksgiving Day
2007-11-23,short day,09:30,13:00,Black Friday
2007-12-24,short day,09:30,13:00,Christmas Eve
2007-12-25,closed,,,Christmas Day
2008-01-01,closed,,,New Year's Day
2008-01-21,closed,,,Martin Luther King's Birthday
2008-02-18,closed,,,Washington's Birthday
2008-03-21,closed,,,Good Friday
2008-05-26,closed,,,Memorial Day
2008-07-03,short day,09:30,13:00,
2008-07-04,closed,,,Independence Day
2008-09-01,closed,,,Labor Day
2008-11-27,closed,,,Thanksgiving Day
2008-11-28,short day,09:30,13:00,Black Friday
2008-12-24,short day,09:30,13:00,Christmas Eve
2008-12-25,closed,,,Christmas Day
2009-01-01,closed,,,New Year's Day
2009-01-19,closed,,,Martin Luther King's Birthday
2009-02-16,closed,,,Washington's Birthday
2009-04-10,closed,,,Good Friday
2009-05-25,closed,,,Memorial Day
2009-07-03,closed,,,Independence Day Observed
2009-09-07,closed,,,Labor Day
2009-11-26,closed,,,Thanksgiving Day
2009-11-27,short day,09:30,13:00,Black Friday
2009-12-24,short day,09:30,13:00,Christmas Eve
2009-12-25,closed,,,Christmas Day
2010-01-01,closed,,,New Year's Day
2010-01-18,closed,,,Martin Luther King's Birthday
2010-02-15,closed,,,Washington's Birthday
2010-04-02,closed,,,Good Friday
2010-05-31,closed,,,Memorial Day
2010-07-05,closed,,,Independence Day Observed
2010-09-06,closed,,,Labor Day
2010-11-25,closed,,,Thanksgiving Day
2010-11-26,short day,09:30,13:00,Black Friday
2010-12-24,closed,,,Christmas Day Observed
2011-01-17,closed,,,Martin Luther King's Birthday
2011-02-21,closed,,,Washington's Birthday
2011-04-22,closed,,,Good Friday
2011-05-30,closed,,,Memorial Day
2011-07-04,closed,,,Independence Day
2011-09-05,closed,,,Labor Day
2011-11-24,closed,,,Thanksgiving Day
2011-11-25,short day,09:30,13:00,Black Friday
2011-12-26,closed,,,Christmas Day Observed
2012-01-02,closed,,,New Year's Day Observed
2012-01-16,closed,,,Martin Luther King's Birthday
2012-02-20,closed,,,Washington's Birthday
2012-04-06,closed,,,Good Friday
2012-05-28,closed,,,Memorial Day
2012-07-03,short day,09:30,13:00,Independence Day
2012-07-04,closed,,,Independence Day
2012-09-03,closed,,,Labor Day
2012-10-29,closed,,,Hurricane Sandy
2012-10-30,closed,,,Hurricane Sandy
2012-11-22,closed,,,Thanksgiving Day
2012-11-23,short day,09:30,13:00,Black Friday
2012-12-24,short day,09:30,13:00,Christmas Eve
2012-12-25,closed,,,Christmas Day
2013-01-01,closed,,,New Year's Day
2013-01-21,closed,,,Martin Luther King's Birthday
2013-02-18,closed,,,Washington's Birthday
2013-03-29,closed,,,Good Friday
2013-05-27,closed,,,Memorial Day
2013-07-03,short day,09:30,13:00,Independence Day
2013-07-04,closed,,,Independence Day
2013-09-02,closed,,,Labor Day
2013-11-28,closed,,,Thanksgiving Day
2013-11-29,short day,09:30,13:00,Black Friday
2013-12-24,short day,09:30,13:00,Christmas Eve
2013-12-25,closed,,,Christmas Day
2014-01-01,closed,,,New Year's Day
2014-01-20,closed,,,Martin Luther King's Birthday
2014-02-17,closed,,,Washington's Birthday
2014-04-18,closed,,,Good Friday
2014-05-26,closed,,,Memorial Day
2014-07-03,short day,09:30,13:00,Independence Day
2014-07-04,closed,,,Independence Day
2014-09-01,closed,,,Labor Day
2014-11-27,closed,,,Thanksgiving Day
2014-11-28,short day,09:30,13:00,Black Friday
2014-12-24,short day,09:30,13:00,Christmas Eve
2014-12-25,closed,,,Christmas Day
2015-01-01,closed,,,New Year's Day
2015-01-19,closed,,,Martin Luther King's Birthday
2015-02-16,closed,,,Washington's Birthday
2015-04-03,closed,,,Good Friday
2015-05-25,closed,,,Memorial Day
2015-07-03,closed,,,Independence Day Observed
2015-09-07,closed,,,Labor Day
2015-11-26,closed,,,Thanksgiving Day
2015-11-27,short day,09:30,13:00,Black Friday
2015-12-24,short day,09:30,13:00,Christmas Eve
2015-12-25,closed,,,Christmas Day
2016-01-01,closed,,,New Year's Day
2016-01-18,closed,,,Martin Luther King's Birthday
2016-02-15,closed,,,Washington's Birthday
2016-03-25,closed,,,Good Friday
2016-05-30,closed,,,Memorial Day
2016-07-04,closed,,,Independence Day
2016-09-05,closed,,,Labor Day
2016-11-24,closed,,,Thanksgiving Day
2016-11-25,short day,09:30,13:00,Black Friday
2016-12-26,closed,,,Christmas Day Observed
2017-01-02,closed,,,New Year's Day Observed
2017-01-16,closed,,,Martin Luther King's Birthday
2017-02-20,closed,,,Washington's Birthday
2017-04-14,closed,,,Good Friday
2017-05-29,closed,,,Memorial Day
2017-07-03,short day,09:30,13:00,Independence Day
2017-07-04,closed,,,Independence Day
2017-09-04,closed,,,Labor Day
2017-11-23,closed,,,Thanksgiving Day
2017-11-24,short day,09:30,13:00,Black Friday
2017-12-25,closed,,,Christmas Day
2018-01-01,closed,,,New Year's Day
2018-01-15,closed,,,Martin Luther King's Birthday
2018-02-19,closed,,,Washington's Birthday
2018-03-30,closed,,,Good Friday
2018-05-28,closed,,,Memorial Day
2018-07-03,short day,09:30,13:00,Independence Day
2018-07-04,closed,,,Independence Day
2018-09-03,closed,,,Labor Day
2018-11-22,closed,,,Thanksgiving Day
2018-11-23,short day,09:30,13:00,Black Friday
2018-12-05,closed,,,Former President George H.W. Bush
2018-12-24,short day,09:30,13:00,Christmas Eve
2018-12-25,closed,,,Christmas Day
2019-01-01,closed,,,New Year's Day
2019-01-21,closed,,,Martin Luther King's Birthday
2019-02-18,closed,,,Washington's Birthday
2019-04-19,closed,,,Good Friday
2019-05-27,closed,,,Memorial Day
2019-07-03,short day,09:30,13:00,Independence Day
2019-07-04,closed,,,Independence Day
2019-09-02,closed,,,Labor Day
2019-11-28,closed,,,Thanksgiving Day
2019-11-29,short day,09:30,13:00,Black Friday
2019-12-24,short day,09:30,13:00,Christmas Eve
2019-12-25,closed,,,Christmas Day
2020-01-01,closed,,,New Year's Day
2020-01-20,closed,,,Martin Luther King's Birthday
2020-02-17,closed,,,Washington's Birthday
2020-04-10,closed,,,Good Friday
2020-05-25,closed,,,Memorial Day
2020-07-03,closed,,,Independence Day Observed
2020-09-07,closed,,,Labor Day
2020-11-26,closed,,,Thanksgiving Day
2020-11-27,short day,09:30,13:00,Black Friday
2020-12-24,short day,09:30,13:00,Christmas Eve
2020-12-25,closed,,,Christmas Day
2021-01-01,closed,,,New Year's Day
2021-01-18,closed,,,Martin Luther King Day
2021-02-15,closed,,,Presidents Day
2021-04-02,closed,,,Good Friday
2021-04-02,short day,,12:00,Good Friday
2021-05-28,short day,,14:00,Memorial Day (Early Close)
2021-05-31,closed,,,Memorial Day
2021-07-02,short day,,14:00,U.S. Independence Day (Early Close)
2021-07-05,closed,,,U.S. Independence Day (Observed)
2021-09-06,closed,,,Labor Day
2021-10-11,closed,,,Columbus Day
2021-11-11,closed,,,Veterans Day
2021-11-25,closed,,,Thanksgiving Day
2021-11-26,short day,,14:00,Thanksgiving Day (Early Close)
2021-12-23,short day,,14:00,Christmas Day (Early Close)
2021-12-24,closed,,,Christmas Day (Observed)
2021-12-31,short day,,14:00,New Year's Day (Early Close)
2022-01-17,closed,,,Martin Luther King Day
2022-02-21,closed,,,Presidents Day
2022-04-14,short day,,14:00,Good Friday (Early Close)
2022-04-15,closed,,,Good Friday
2022-05-27,short day,,14:00,Memorial Day (Early Close)
2022-05-30,closed,,,Memorial Day
2022-06-20,closed,,,Juneteenth
2022-07-01,short day,,14:00,U.S. Independence Day (Early Close)
2022-07-04,closed,,,U.S. Independence Day
2022-09-05,closed,,,Labor Day
2022-10-10,closed,,,Columbus Day
2022-11-11,closed,,,Veterans Day
2022-11-24,closed,,,Thanksgiving Day
2022-11-25,short day,,14:00,Thanksgiving Day (Early Close)
2022-12-23,short day,,14:00,Christmas Day (Early Close)
2022-12-26,closed,,,Christmas Day (Observed)
2022-12-30,short day,,14:00,New Year's Day (Early Close)
2023-01-02,closed,,,New Year's Day (Observed)
2023-01-16,closed,,,Martin Luther King Day
2023-02-20,closed,,,Presidents Day
2023-04-07,closed,,,Good Friday
2023-04-07,short day,,12:00,Good Friday
2023-05-26,short day,,14:00,Memorial Day (Early Close)
2023-05-29,closed,,,Memorial Day
2023-06-19,closed,,,Juneteenth
2023-07-03,short day,,14:00,U.S. Independence Day (Early Close)
2023-07-04,closed,,,U.S. Independence Day
2023-09-04,closed,,,Labor Day
2023-10-09,closed,,,Columbus Day
2023-11-23,closed,,,Thanksgiving Day
2023-11-24,short day,,14:00,Thanksgiving Day (Early Close)
2023-12-22,short day,,14:00,Christmas Day (Early Close)
2023-12-25,closed,,,Christmas Day
2023-12-29,short day,,14:00,New Year's Day (Early Close)
2024-01-01,closed,,,New Year's Day
2024-01-15,closed,,,Martin Luther King Day
2024-02-19,closed,,,Presidents Day
2024-03-28,short day,,14:00,Good Friday (Early Close)
2024-03-29,closed,,,Good Friday
2024-05-24,short day,,14:00,Memorial Day (Early Close)
2024-05-27,closed,,,Memorial Day
2024-06-19,closed,,,Juneteenth
2024-07-03,short day,,14:00,U.S. Independence Day (Early Close)
2024-07-04,closed,,,U.S. Independence Day
2024-09-02,closed,,,Labor Day
2024-10-14,closed,,,Columbus Day
2024-11-11,closed,,,Veterans Day
2024-11-28,closed,,,Thanksgiving Day
2024-11-29,short day,,14:00,Thanksgiving Day (Early Close)
2024-12-24,short day,,14:00,Christmas Day (Early Close)
2024-12-25,closed,,,Christmas Day
2024-12-31,short day,,14:00,New Year's Day (Early Close)
2025-01-01,closed,,,New Year's Day
2025-01-20,closed,,,Martin Luther King Day
2025-02-17,closed,,,Presidents Day
2025-04-17,short day,,14:00,Good Friday (Early Close)
2025-04-18,closed,,,Good Friday
2025-05-23,short day,,14:00,Memorial Day (Early Close)
2025-05-26,closed,,,Memorial Day
2025-06-19,closed,,,Juneteenth
2025-07-03,short day,,14:00,U.S. Independence Day (Early Close)
2025-07-04,closed,,,U.S. Independence Day
2025-09-01,closed,,,Labor Day
2025-10-13,closed,,,Columbus Day
2025-11-11,closed,,,Veterans Day
2025-11-27,closed,,,Thanksgiving Day
2025-11-28,short day,,14:00,Thanksgiving Day (Early Close)
2025-12-24,short day,,14:00,Christmas Day (Early Close)
2025-12-25,closed,,,Christmas Day
2025-12-31,short day,,14:00,New Year's Day (Early Close)
2026-01-01,closed,,,New Year's Day
2026-01-19,closed,,,Martin Luther King Jr. Day
2026-02-16,closed,,,Washington's Birthday
2026-04-03,closed,,,Good Friday
2026-05-25,closed,,,Memorial Day
2026-06-19,closed,,,Juneteenth National Independence Day
2026-07-03,closed,,,Independence Day (observed)
2026-09-07,closed,,,Labor Day
2026-11-26,closed,,,Thanksgiving Day
2026-11-27,short day,09:30,13:00,Day after Thanksgiving
2026-12-24,short day,09:30,13:00,Christmas Eve
2026-12-25,closed,,,Christmas Day
2027-01-01,closed,,,New Year's Day
2027-01-18,closed,,,Martin Luther King Jr. Day
2027-02-15,closed,,,Washington's Birthday
2027-03-26,closed,,,Good Friday
2027-05-31,closed,,,Memorial Day
2027-06-18,closed,,,Juneteenth National Independence Day (observed)
2027-07-05,closed,,,Independence Day (observed)
2027-09-06,closed,,,Labor Day
2027-11-25,closed,,,Thanksgiving Day
2027-11-26,short day,09:30,13:00,Day after Thanksgiving
2027-12-24,closed,,,Christmas Day (observed)
2028-01-17,closed,,,Martin Luther King Jr. Day
2028-02-21,closed,,,Washington's Birthday
2028-04-14,closed,,,Good Friday
2028-05-29,closed,,,Memorial Day
2028-06-19,closed,,,Juneteenth National Independence Day
2028-07-03,short day,09:30,13:00,Pre-Independence Day
2028-07-04,closed,,,Independence Day
2028-09-04,closed,,,Labor Day
2028-11-23,closed,,,Thanksgiving Day
2028-11-24,short day,09:30,13:00,Day after Thanksgiving
2028-12-25,closed,,,Christmas Day
